<configuration>

    <!-- Задаємо патерн для форматування повідомлень логу -->
<!--    <appender name="FILE" class="ch.qos.logback.core.FileAppender">-->
<!--        <file>logs/app.log</file> &lt;!&ndash; Шлях до файлу для збереження логів &ndash;&gt;-->
<!--        <append>true</append> &lt;!&ndash; Додавати до існуючого файлу або перезаписувати &ndash;&gt;-->
<!--        <encoder>-->
<!--            <pattern>%d{yyyy-MM-dd HH:mm:ss} [%thread] %-5level %logger{36} - %msg%n</pattern>-->
<!--        </encoder>-->
<!--    </appender>-->

    <!-- Консольний аппендер (для відображення логів у терміналі) -->
    <appender name="STDOUT" class="ch.qos.logback.core.ConsoleAppender">
        <encoder>
            <pattern>%d{yyyy-MM-dd HH:mm:ss} [%thread] %-5level %logger{36} - %msg%n</pattern>
        </encoder>
    </appender>

    <!-- Рівень логування та призначення аппендерів -->
    <root level="INFO"> <!-- INFO можна змінити на DEBUG або інший рівень -->
<!--        <appender-ref ref="FILE" />-->
          <appender-ref ref="STDOUT" />
      </root>

  </configuration>